Workbook

Sheet Sổ Lệnh
A1: CUỘC THI TRADE MÕM
Q2: Note
A3: # | B3: Người chơi | C3: Mã CK | D3: KL | E3: Loại lệnh | F3: Giá mua | G3: Giá trị | H3: Ngày giao dịch | I3: Actionable | J3: Trạng thái | K3: Phí GD | L3: Sức mua | M3: SL | N3: TP1 | O3: TP2 | P3: R:R | Q3: Note 1 | R3: Note 2 | S3: Note 2
A4: 1 | B4: Tai T Nguyen | C4: TPB | D4: 5000 | E4: ATC | F4: 16.15 | G4: =IF(F4="","",D4*F4) -> 80750 | H4: 25/03/2026 | I4: =TODAY() >= DATE(RIGHT(H4, 4), MID(H4, 4, 2), LEFT(H4, 2)) + 2 -> TRUE | J4: Holding | K4: =G4 * 0.001 -> 80.75
A5: 2 | B5: Tai T Nguyen | C5: VIC | D5: 1000 | E5: ATC | F5: 128.7 | G5: =IF(F5="","",D5*F5) -> 128700 | H5: 25/03/2026 | I5: =TODAY() >= DATE(RIGHT(H5, 4), MID(H5, 4, 2), LEFT(H5, 2)) + 2 -> TRUE | J5: Holding | K5: =G5 * 0.001 -> 128.7
A6: 3 | B6: Chị Ngọc | C6: FPT | D6: 3000 | E6: ATC | F6: 77 | G6: =IF(F6="","",D6*F6) -> 231000 | H6: 25/03/2026 | I6: =TODAY() >= DATE(RIGHT(H6, 4), MID(H6, 4, 2), LEFT(H6, 2)) + 2 -> TRUE | J6: Holding | K6: =G6 * 0.001 -> 231
A7: 4 | B7: Hanh | C7: VSC | D7: 5000 | E7: ATC | F7: 23.95 | G7: =IF(F7="","",D7*F7) -> 119750 | H7: 25/03/2026 | I7: =TODAY() >= DATE(RIGHT(H7, 4), MID(H7, 4, 2), LEFT(H7, 2)) + 2 -> TRUE | J7: Holding | K7: =G7 * 0.001 -> 119.75
A8: 5 | B8: Hanh | C8: MBB | D8: 5000 | E8: ATC | F8: 26 | G8: =IF(F8="","",D8*F8) -> 130000 | H8: 25/03/2026 | I8: =TODAY() >= DATE(RIGHT(H8, 4), MID(H8, 4, 2), LEFT(H8, 2)) + 2 -> TRUE | J8: Holding | K8: =G8 * 0.001 -> 130
A9: 6 | B9: Chị Ngọc | C9: DGC | D9: 3000 | E9: ATC | F9: 54.7 | G9: =IF(F9="","",D9*F9) -> 164100 | H9: 25/03/2026 | I9: =TODAY() >= DATE(RIGHT(H9, 4), MID(H9, 4, 2), LEFT(H9, 2)) + 2 -> TRUE | J9: Holding | K9: =G9 * 0.001 -> 164.1
A10: 7 | B10: Ngô Quang Hiệp | C10: GVR | D10: 5000 | E10: ATC | F10: 30.5 | G10: =IF(F10="","",D10*F10) -> 152500 | H10: 25/03/2026 | I10: =TODAY() >= DATE(RIGHT(H10, 4), MID(H10, 4, 2), LEFT(H10, 2)) + 2 -> TRUE | J10: Holding | K10: =G10 * 0.001 -> 152.5
A11: 8 | B11: Phương | C11: VGI | D11: 5000 | E11: LO | F11: 87.4 | G11: =IF(F11="","",D11*F11) -> 437000 | H11: 25/03/2026 | I11: =TODAY() >= DATE(RIGHT(H11, 4), MID(H11, 4, 2), LEFT(H11, 2)) + 2 -> TRUE | J11: Holding | K11: =G11 * 0.001 -> 437 | Q11: Short Rally | R11: Trade mõm nên đánh liều | S11: Chart đẹp (VGI lái đánh theo MACD)
A12: 9 | B12: Phương | C12: FOX | D12: 5000 | E12: LO | F12: 79.1 | G12: =IF(F12="","",D12*F12) -> 395500 | H12: 25/03/2026 | I12: =TODAY() >= DATE(RIGHT(H12, 4), MID(H12, 4, 2), LEFT(H12, 2)) + 2 -> TRUE | J12: Holding | K12: =G12 * 0.001 -> 395.5 | M12: 76 | N12: 85 | O12: 90 | Q12: Short Rally | R12: Trade mõm nên đánh liều | S12: Chart đẹp
A13: 10 | B13: Hanh | C13: VGC | D13: 1000 | E13: LO | F13: 45 | G13: =IF(F13="","",D13*F13) -> 45000 | H13: 26/03/2026 | I13: =TODAY() >= DATE(RIGHT(H13, 4), MID(H13, 4, 2), LEFT(H13, 2)) + 2 -> TRUE | J13: Holding | K13: =G13 * 0.001 -> 45
A14: 11 | B14: Hanh | C14: HHV | D14: 10000 | E14: LO | F14: 12.05 | G14: =IF(F14="","",D14*F14) -> 120500 | H14: 26/03/2026 | I14: =TODAY() >= DATE(RIGHT(H14, 4), MID(H14, 4, 2), LEFT(H14, 2)) + 2 -> TRUE | J14: Holding | K14: =G14 * 0.001 -> 120.5
A15: 12 | B15: Hanh | C15: VPX | D15: 2000 | E15: LO | F15: 29.5 | G15: =IF(F15="","",D15*F15) -> 59000 | H15: 26/03/2026 | I15: =TODAY() >= DATE(RIGHT(H15, 4), MID(H15, 4, 2), LEFT(H15, 2)) + 2 -> TRUE | J15: Holding | K15: =G15 * 0.001 -> 59
A16: 13 | B16: Phương | C16: NTL | D16: 5000 | E16: LO | F16: 19.5 | G16: =IF(F16="","",D16*F16) -> 97500 | H16: 26/03/2026 | I16: =TODAY() >= DATE(RIGHT(H16, 4), MID(H16, 4, 2), LEFT(H16, 2)) + 2 -> TRUE | J16: Holding | K16: =G16 * 0.001 -> 97.5 | Q16: Short Rally | R16: Đú theo sóng BDS test | S16: Dự án Cầu Giấy
A17: 14 | B17: Tai T Nguyen | C17: BSR | D17: 5000 | E17: LO | F17: 27.4 | G17: =IF(F17="","",D17*F17) -> 137000 | H17: 26/03/2026 | I17: =TODAY() >= DATE(RIGHT(H17, 4), MID(H17, 4, 2), LEFT(H17, 2)) + 2 -> TRUE | J17: Holding | K17: =G17 * 0.001 -> 137
A18: 15 | B18: Chị Ngọc | C18: DXG | D18: 5000 | E18: LO | F18: 13.9 | G18: =IF(F18="","",D18*F18) -> 69500 | H18: 26/03/2026 | I18: =TODAY() >= DATE(RIGHT(H18, 4), MID(H18, 4, 2), LEFT(H18, 2)) + 2 -> TRUE | J18: Holding | K18: =G18 * 0.001 -> 69.5
A19: 17 | B19: Phương | C19: CII | D19: 5000 | E19: LO | F19: 18.5 | G19: =IF(F19="","",D19*F19) -> 92500 | H19: 27/03/2026 | I19: =TODAY() >= DATE(RIGHT(H19, 4), MID(H19, 4, 2), LEFT(H19, 2)) + 2 -> TRUE | J19: Holding | K19: =G19 * 0.001 -> 92.5 | Q19: Short Rally | R19: Trend DTC, đang tiếng hành giải tỏa đất thủ thiêm
A20: 18 | B20: Hanh | C20: MWG | D20: 2000 | E20: LO | F20: 81.2 | G20: =IF(F20="","",D20*F20) -> 162400 | H20: 27/03/2026 | I20: =TODAY() >= DATE(RIGHT(H20, 4), MID(H20, 4, 2), LEFT(H20, 2)) + 2 -> TRUE | J20: Holding | K20: =G20 * 0.001 -> 162.4
A21: 19 | B21: Ngô Quang Hiệp | C21: VPB | D21: 5000 | E21: LO | F21: 26.35 | G21: =IF(F21="","",D21*F21) -> 131750 | H21: 27/03/2026 | I21: =TODAY() >= DATE(RIGHT(H21, 4), MID(H21, 4, 2), LEFT(H21, 2)) + 2 -> TRUE | J21: Holding | K21: =G21 * 0.001 -> 131.75
B22: Tai T Nguyen | C22: VIC | D22: 1000 | E22: LO | F22: 128 | G22: =IF(F22="","",D22*F22) -> 128000 | H22: 30/03/2026 | I22: =TODAY() >= DATE(RIGHT(H22, 4), MID(H22, 4, 2), LEFT(H22, 2)) + 2 -> FALSE | J22: Holding | K22: =G22 * 0.001 -> 128
B23: Chị Ngọc | C23: MSB | D23: 2000 | E23: LO | F23: 11.25 | G23: =IF(F23="","",D23*F23) -> 22500 | H23: 30/03/2026 | I23: =TODAY() >= DATE(RIGHT(H23, 4), MID(H23, 4, 2), LEFT(H23, 2)) + 2 -> FALSE | J23: Holding | K23: =G23 * 0.001 -> 22.5
B24: Phương | C24: CII | D24: 1000 | E24: LO | F24: 18.7 | G24: =IF(F24="","",D24*F24) -> 18700 | H24: 30/03/2026 | I24: =TODAY() >= DATE(RIGHT(H24, 4), MID(H24, 4, 2), LEFT(H24, 2)) + 2 -> FALSE | J24: Holding | K24: =G24 * 0.001 -> 18.7

Sheet Bảng Xếp Hạng
A1: BẢNG XẾP HẠNG
A3: STT | B3: Người chơi | C3: Số lệnh | D3: Tổng đầu tư | E3: Tiền mặt còn lại | F3: Giá trị DM hiện tại | G3: Tổng Tài Sản
A4: 1 | B4: Tai T Nguyen | C4: =COUNTIF('Sổ Lệnh'!B:B,B4) -> 4 | D4: =SUMIF('Sổ Lệnh'!B:B,B4,'Sổ Lệnh'!G:G) -> 474450 | E4: =1000000-D4-SUMIF('Sổ Lệnh'!B:B,B4,'Sổ Lệnh'!K:K) -> 525075.55 | F4: =SUMPRODUCT(('Sổ Lệnh'!B$4:B$994=B4)*('Sổ Lệnh'!D$4:D$994)*IFERROR(VLOOKUP('Sổ Lệnh'!C$4:C$994,'Bảng Giá'!A:C,3,FALSE()),0)) -> 480750 | G4: =E4 + F4 -> 1005825.6
A5: 2 | B5: Chị Ngọc | C5: =COUNTIF('Sổ Lệnh'!B:B,B5) -> 4 | D5: =SUMIF('Sổ Lệnh'!B:B,B5,'Sổ Lệnh'!G:G) -> 487100 | E5: =1000000-D5-SUMIF('Sổ Lệnh'!B:B,B5,'Sổ Lệnh'!K:K) -> 512412.9 | F5: =SUMPRODUCT(('Sổ Lệnh'!B$4:B$994=B5)*('Sổ Lệnh'!D$4:D$994)*IFERROR(VLOOKUP('Sổ Lệnh'!C$4:C$994,'Bảng Giá'!A:C,3,FALSE()),0)) -> 463500 | G5: =E5 + F5 -> 975912.9
A6: 3 | B6: Hanh | C6: =COUNTIF('Sổ Lệnh'!B:B,B6) -> 6 | D6: =SUMIF('Sổ Lệnh'!B:B,B6,'Sổ Lệnh'!G:G) -> 636650 | E6: =1000000-D6-SUMIF('Sổ Lệnh'!B:B,B6,'Sổ Lệnh'!K:K) -> 362713.35 | F6: =SUMPRODUCT(('Sổ Lệnh'!B$4:B$994=B6)*('Sổ Lệnh'!D$4:D$994)*IFERROR(VLOOKUP('Sổ Lệnh'!C$4:C$994,'Bảng Giá'!A:C,3,FALSE()),0)) -> 630450 | G6: =E6 + F6 -> 993163.35
A7: 4 | B7: Ngô Quang Hiệp | C7: =COUNTIF('Sổ Lệnh'!B:B,B7) -> 2 | D7: =SUMIF('Sổ Lệnh'!B:B,B7,'Sổ Lệnh'!G:G) -> 284250 | E7: =1000000-D7-SUMIF('Sổ Lệnh'!B:B,B7,'Sổ Lệnh'!K:K) -> 715465.75 | F7: =SUMPRODUCT(('Sổ Lệnh'!B$4:B$994=B7)*('Sổ Lệnh'!D$4:D$994)*IFERROR(VLOOKUP('Sổ Lệnh'!C$4:C$994,'Bảng Giá'!A:C,3,FALSE()),0)) -> 296000 | G7: =E7 + F7 -> 1011465.8
A8: 5 | B8: Phương | C8: =COUNTIF('Sổ Lệnh'!B:B,B8) -> 5 | D8: =SUMIF('Sổ Lệnh'!B:B,B8,'Sổ Lệnh'!G:G) -> 1041200 | E8: =1000000-D8-SUMIF('Sổ Lệnh'!B:B,B8,'Sổ Lệnh'!K:K) -> -42241.2 | F8: =SUMPRODUCT(('Sổ Lệnh'!B$4:B$994=B8)*('Sổ Lệnh'!D$4:D$994)*IFERROR(VLOOKUP('Sổ Lệnh'!C$4:C$994,'Bảng Giá'!A:C,3,FALSE()),0)) -> 1089550 | G8: =E8 + F8 -> 1047308.8

Sheet Bảng Giá
A1: BẢNG GIÁ THEO DÕI
A3: Mã CK | B3: Giá | C3: Giá hiện tại | D3: % Thay đổi
A4: TPB | B4: 16.15 | C4: 15.95 | D4: =IF(OR(B4="",C4=""),"",(C4-B4)/B4) -> -0.012383901
A5: VIC | B5: 128.7 | C5: 129.5 | D5: =IF(OR(B5="",C5=""),"",(C5-B5)/B5) -> 0.0062160062
A6: FPT | B6: 77 | C6: 74 | D6: =IF(OR(B6="",C6=""),"",(C6-B6)/B6) -> -0.038961039
A7: VSC | B7: 23.95 | C7: 23.3 | D7: =IF(OR(B7="",C7=""),"",(C7-B7)/B7) -> -0.027139875
A8: MBB | B8: 26 | C8: 25.75 | D8: =IF(OR(B8="",C8=""),"",(C8-B8)/B8) -> -0.0096153846
A9: DGC | B9: 54.7 | C9: 49.1 | D9: =IF(OR(B9="",C9=""),"",(C9-B9)/B9) -> -0.1023766
A10: GVR | B10: 30.5 | C10: 33.1 | D10: =IF(OR(B10="",C10=""),"",(C10-B10)/B10) -> 0.085245902
A11: VGI | B11: 87.4 | C11: 92.6 | D11: =IF(OR(B11="",C11=""),"",(C11-B11)/B11) -> 0.059496568
A12: FOX | B12: 79.1 | C12: 87.2 | D12: =IF(OR(B12="",C12=""),"",(C12-B12)/B12) -> 0.10240202
A13: VGC | B13: 45 | C13: 44.8 | D13: =IF(OR(B13="",C13=""),"",(C13-B13)/B13) -> -0.0044444444
A14: HHV | B14: 12.05 | C14: 12.1 | D14: =IF(OR(B14="",C14=""),"",(C14-B14)/B14) -> 0.0041493776
A15: VPX | B15: 29.5 | C15: 28.9 | D15: =IF(OR(B15="",C15=""),"",(C15-B15)/B15) -> -0.020338983
... A22: MSB | B22: 11.25 | C22: 11.35 | D22: =IF(OR(B22="",C22=""),"",(C22-B22)/B22) -> 0.0088888889
D23: =IF(OR(B23="",C23=""),"",(C23-B23)/B23)
D24: =IF(OR(B24="",C24=""),"",(C24-B24)/B24)
D25: =IF(OR(B25="",C25=""),"",(C25-B25)/B25)
